{"cameraMode":{"drawMode":0,"name":"Shaded","section":"Shading Mode"},"sceneLighting":false,"audioPlay":false,"sceneViewState":{"m_AlwaysRefresh":false,"showFog":true,"showSkybox":false,"showFlares":true,"showImageEffects":true,"showParticleSystems":true,"showVisualEffectGraphs":true,"m_FxEnabled":true},"in2DMode":false,"pivot":{"x":-0.00003790855407714844,"y":0.49439799785614016,"z":2.247774124145508},"rotation":{"x":0.1644589602947235,"y":0.7071077823638916,"z":-0.17483215034008027,"w":0.6650965809822083},"size":2.5307393074035646,"orthographic":false}